Timestamp,Course Satisfaction,Instructor Effectiveness,Would Recommend,Additional Comments
2024-01-01,Neutral,3,Yes,Too fast-paced
2024-01-02,Unsatisfied,4,Yes,Good course
2024-01-03,Very Satisfied,4,Yes,No Comment
2024-01-04,Neutral,1,Yes,Needs improvement
2024-01-05,Neutral,3,Yes,Too fast-paced
2024-01-06,Unsatisfied,5,Yes,Good course
2024-01-07,Very Satisfied,3,Yes,Needs improvement
2024-01-08,Very Satisfied,5,Yes,Needs improvement
2024-01-09,Neutral,1,Yes,Great instructor
2024-01-10,Satisfied,2,No,No Comment
2024-01-11,Neutral,4,Yes,Too fast-paced
2024-01-12,Neutral,1,No,Good course
2024-01-13,Neutral,4,No,Great instructor
2024-01-14,Neutral,2,No,No Comment
2024-01-15,Unsatisfied,2,Yes,Great instructor
2024-01-16,Very Satisfied,1,Yes,No Comment
2024-01-17,Unsatisfied,2,Yes,No Comment
2024-01-18,Unsatisfied,5,Yes,Too fast-paced
2024-01-19,Unsatisfied,2,No,No Comment
2024-01-20,Neutral,4,Yes,Great instructor
2024-01-21,Satisfied,4,Yes,No Comment
2024-01-22,Very Satisfied,4,Yes,Too fast-paced
2024-01-23,Satisfied,4,Yes,Too fast-paced
2024-01-24,Unsatisfied,5,Yes,Great instructor
2024-01-25,Unsatisfied,3,No,Needs improvement
2024-01-26,Satisfied,1,Yes,Needs improvement
2024-01-27,Satisfied,4,No,No Comment
2024-01-28,Satisfied,2,Yes,Good course
2024-01-29,Unsatisfied,4,No,No Comment
2024-01-30,Unsatisfied,2,Yes,Great instructor
2024-01-31,Very Satisfied,2,Yes,Great instructor
2024-02-01,Very Satisfied,4,No,Great instructor
2024-02-02,Unsatisfied,5,No,Great instructor
2024-02-03,Satisfied,2,No,Great instructor
2024-02-04,Satisfied,2,Yes,Too fast-paced
2024-02-05,Very Satisfied,4,No,Needs improvement
2024-02-06,Unsatisfied,2,Yes,Great instructor
2024-02-07,Very Satisfied,2,Yes,Good course
2024-02-08,Very Satisfied,4,No,Good course
2024-02-09,Neutral,4,No,Good course
2024-02-10,Neutral,1,Yes,Good course
2024-02-11,Neutral,5,Yes,Too fast-paced
2024-02-12,Satisfied,5,No,Good course
2024-02-13,Unsatisfied,2,No,Great instructor
2024-02-14,Unsatisfied,5,No,No Comment
2024-02-15,Unsatisfied,2,Yes,Good course
2024-02-16,Unsatisfied,1,Yes,Too fast-paced
2024-02-17,Neutral,4,Yes,Too fast-paced
2024-02-18,Satisfied,4,Yes,Good course
2024-02-19,Satisfied,4,Yes,No Comment
